"gene_id","strand","start_pos","stop_pos","line_type","position","ref_seq","alt_seq","diff"
"AT5G42580","C","17023640","17025230","L17J","17024334","GAAAAAAAAA","GAAAAAAAAAA","-1"
"AT5G42600","W","17053560","17057980","L17J","17055782","CATATATATATATATATATATATATATAT","CATATATATATATATATATATATATATATAT","-2"
"AT5G42700","W","17122170","17124180","L17J","17122895","C","T","0"
"AT5G42870","C","17185710","17189690","L17J","17189164","C","T","0"
"AT5G43130","C","17315600","17321150","L17J","17319226","T","C","0"
"AT5G43270","C","17360520","17362150","L17J","17361334","G","T","0"
"AT5G43310","C","17379730","17385390","L17J","17385331","G","A","0"
"AT5G43530","W","17489320","17494840","L17J","17491870","C","T","0"
"AT5G43570","W","17506450","17507460","L17J","17507386","TTATATATATATATATATATATATATATAT","TTATATATATATATATATATATATATAT","2"
"AT5G43900","C","17657240","17667420","L17J","17665023","C","T","0"
"AT5G44200","C","17802060","17803880","L17J","17802085","C","T","0"
"AT5G44280","C","17836110","17839120","L17J","17838401","C","T","0"
"AT5G44310","C","17847990","17849440","L17J","17848373","A","G","0"
"AT5G44563","W","17949380","17950040","L17J","17949706","GATATATATATATATATATATATATATA","GATATATATATATATATATATATATA","2"
"AT5G44569","W","17963280","17964000","L17J","17963318","C","T","0"
"AT5G44580","W","17979320","17980190","L17J","17979444","G","A","0"
"AT5G44640","W","18011140","18012670","L17J","18012564","C","T","0"
"AT5G44650","W","18013390","18015300","L17J","18014013","G","A","0"
"AT5G44670","C","18019200","18021270","L17J","18021128","G","A","0"
"AT5G44710","W","18041620","18042330","L17J","18042169","G","A","0"
"AT5G44730","C","18045580","18046520","L17J","18045658","G","A","0"
"AT5G44785","C","18070870","18073020","L17J","18072558","C","T","0"
"AT5G44800","C","18083650","18092170","L17J","18088881","G","C","0"
"AT5G44860","C","18110680","18111660","L17J","18111023","C","T","0"
"AT5G44930","C","18140620","18142150","L17J","18141625","C","T","0"
"AT5G44940","W","18149360","18150900","L17J","18150283","C","T","0"
"AT5G45085","C","18197690","18201530","L17J","18200037","A","T","0"
"AT5G45116","W","18233900","18237930","L17J","18235018","G","A","0"
"AT5G45140","C","18247410","18257720","L17J","18249138","C","T","0"
"AT5G45180","C","18274170","18276590","L17J","18276019","G","A","0"
"AT5G45230","C","18302140","18308310","L17J","18307069","C","A","0"
"AT5G45260","W","18326270","18332230","L17J","18331094","C","A","0"
"AT5G45276","C","18338750","18340440","L17J","18338867","TGAGAGAGAGAGAGAGAGAGAGA","TGAGAGAGAGAGAGAGAGAGA","2"
"AT5G45390","W","18396350","18397590","L17J","18397577","G","A","0"
"AT5G45950","W","18634150","18636520","L17J","18635055","CTATATATATATATATATATAT","CTATATATATATATATATAT","2"
"AT5G45970","W","18643760","18645760","L17J","18645540","AATATATATATATATATATATATATATATATATA","AATATATATATATATATATATATATATATATA","2"
"AT5G45980","W","18648920","18650700","L17J","18650092","GTATATATATATATATATATAT","GTATATATATATATATATAT","2"
"AT5G46190","C","18723430","18725840","L17J","18725607","C","T","0"
"AT5G46310","W","18785670","18786960","L17J","18786752","C","T","0"
"AT5G46390","W","18816610","18819150","L17J","18817581","G","A","0"
"AT5TE6157","W","17051950","17052800","L17J","17052655","GTATATATATATATATATATATAT","GTATATATATATATATATATAT","2"
"AT5TE6215","W","17203150","17203770","L17J","17203481","C","T","0"
"AT5TE6244","C","17275170","17276560","L17J","17276006","G","A","0"
"AT5TE6274","C","17364180","17371760","L17J","17364316","ATTTTTTTTTTTT","ATTTTTTTTTTTTTT,ATTTTTTTTTTTTTTT","-19"
"AT5TE6321","C","17486800","17488030","L17J","17487518","G","A","0"
"AT5TE6329","C","17506490","17507120","L17J","17506641","AATATATATATATATATATATATATATATATATATATATATAT","AATATATATATATATATATATATATATATATATATATATATATAT","-2"
"AT5TE6456","W","17885160","17886070","L17J","17885651","C","T","0"
"AT5TE6458","C","17888910","17889400","L17J","17889078","GATATATATATATATATAT","GATATATATATATATAT","2"
"AT5TE6473","C","17936780","17937100","L17J","17936817","GAAAAAAAA","GAAAAAAAAA","-1"
"AT5TE6553","W","18190760","18191560","L17J","18190850","CATATATATATATATATATATATAT","CATATATATATATATATATATAT","2"
"AT5TE6554","C","18193410","18202060","L17J","18200037","A","T","0"
"AT5TE6555","C","18205950","18206420","L17J","18206065","TTATATATATATATATATATATATATATATATATATATATAT","TTATATATATATATATATATATATATATATATATATATAT","2"
"AT5TE6564","W","18233630","18238210","L17J","18235018","G","A","0"
"AT5TE6589","C","18306960","18307080","L17J","18307069","C","A","0"
"AT5TE6598","C","18331000","18331280","L17J","18331094","C","A","0"
"AT5TE6712","W","18645510","18645610","L17J","18645540","AATATATATATATATATATATATATATATATATA","AATATATATATATATATATATATATATATATA","2"
"AT5TE6714","C","18649880","18650370","L17J","18650092","GTATATATATATATATATATAT","GTATATATATATATATATAT","2"
"AT5TE6720","C","18666050","18666960","L17J","18666277","GATATATATATATATATATATA","GATATATATATATATATATA","2"
"AT5TE6814","C","18933090","18938950","L17J","18935036","C","T","0"
"AT5TE6827","W","18980400","18981280","L17J","18981067","A","T","0"
"AT5TE6828","C","18981280","18981490","L17J","18981463","G","A","0"