"position","gene_id","strand","line_type","ref_seq","alt_seq","diff"
"17024334","AT5G42580","C","L17J","GAAAAAAAAA","GAAAAAAAAAA","-1"
"17052655","AT5TE6157","W","L17J","GTATATATATATATATATATATAT","GTATATATATATATATATATAT","2"
"17055782","AT5G42600","W","L17J","CATATATATATATATATATATATATATAT","CATATATATATATATATATATATATATATAT","-2"
"17055025","AT5G42600","W","L17J","G","A","0"
"17122895","AT5G42700","W","L17J","C","T","0"
"17189164","AT5G42870","C","L17J","C","T","0"
"17187412","AT5G42870","C","L17J","G","A","0"
"17203481","AT5TE6215","W","L17J","C","T","0"
"17276006","AT5TE6244","C","L17J","G","A","0"
"17319226","AT5G43130","C","L17J","T","C","0"
"17361334","AT5G43270","C","L17J","G","T","0"
"17364316","AT5TE6274","C","L17J","ATTTTTTTTTTTT","ATTTTTTTTTTTTTT,ATTTTTTTTTTTTTTT","-19"
"17385331","AT5G43310","C","L17J","G","A","0"
"17487518","AT5TE6321","C","L17J","G","A","0"
"17491870","AT5G43530","W","L17J","C","T","0"
"17507386","AT5G43570","W","L17J","TTATATATATATATATATATATATATATAT","TTATATATATATATATATATATATATAT","2"
"17506641","AT5G43570","W","L17J","AATATATATATATATATATATATATATATATATATATATATAT","AATATATATATATATATATATATATATATATATATATATATATAT","-2"
"17506641","AT5TE6329","C","L17J","AATATATATATATATATATATATATATATATATATATATATAT","AATATATATATATATATATATATATATATATATATATATATATAT","-2"
"17665023","AT5G43900","C","L17J","C","T","0"
"17802085","AT5G44200","C","L17J","C","T","0"
"17838401","AT5G44280","C","L17J","C","T","0"
"17848373","AT5G44310","C","L17J","A","G","0"
"17848370","AT5G44310","C","L17J","A","C","0"
"17848369","AT5G44310","C","L17J","C","T","0"
"17848368","AT5G44310","C","L17J","A","G","0"
"17848367","AT5G44310","C","L17J","C","T","0"
"17848364","AT5G44310","C","L17J","C","T","0"
"17848357","AT5G44310","C","L17J","T","C","0"
"17848355","AT5G44310","C","L17J","T","G","0"
"17848351","AT5G44310","C","L17J","T","C","0"
"17885651","AT5TE6456","W","L17J","C","T","0"
"17889078","AT5TE6458","C","L17J","GATATATATATATATATAT","GATATATATATATATAT","2"
"17936817","AT5TE6473","C","L17J","GAAAAAAAA","GAAAAAAAAA","-1"
"17949706","AT5G44563","W","L17J","GATATATATATATATATATATATATATA","GATATATATATATATATATATATATA","2"
"17963318","AT5G44569","W","L17J","C","T","0"
"17979444","AT5G44580","W","L17J","G","A","0"
"18012564","AT5G44640","W","L17J","C","T","0"
"18014013","AT5G44650","W","L17J","G","A","0"
"18021128","AT5G44670","C","L17J","G","A","0"
"18042169","AT5G44710","W","L17J","G","A","0"
"18045658","AT5G44730","C","L17J","G","A","0"
"18072558","AT5G44785","C","L17J","C","T","0"
"18088881","AT5G44800","C","L17J","G","C","0"
"18111023","AT5G44860","C","L17J","C","T","0"
"18141625","AT5G44930","C","L17J","C","T","0"
"18150283","AT5G44940","W","L17J","C","T","0"
"18190850","AT5TE6553","W","L17J","CATATATATATATATATATATATAT","CATATATATATATATATATATAT","2"
"18200037","AT5TE6554","C","L17J","A","T","0"
"18197188","AT5TE6554","C","L17J","A","C","0"
"18194029","AT5TE6554","C","L17J","A","G","0"
"18193963","AT5TE6554","C","L17J","A","T","0"
"18193925","AT5TE6554","C","L17J","G","A","0"
"18193922","AT5TE6554","C","L17J","C","T","0"
"18193894","AT5TE6554","C","L17J","C","T","0"
"18193861","AT5TE6554","C","L17J","C","T","0"
"18193844","AT5TE6554","C","L17J","T","C","0"
"18193785","AT5TE6554","C","L17J","A","G","0"
"18200037","AT5G45085","C","L17J","A","T","0"
"18206065","AT5TE6555","C","L17J","TTATATATATATATATATATATATATATATATATATATATAT","TTATATATATATATATATATATATATATATATATATATAT","2"
"18235018","AT5TE6564","W","L17J","G","A","0"
"18235018","AT5G45116","W","L17J","G","A","0"
"18249138","AT5G45140","C","L17J","C","T","0"
"18276019","AT5G45180","C","L17J","G","A","0"
"18307069","AT5G45230","C","L17J","C","A","0"
"18307069","AT5TE6589","C","L17J","C","A","0"
"18331094","AT5G45260","W","L17J","C","A","0"
"18331094","AT5TE6598","C","L17J","C","A","0"
"18338867","AT5G45276","C","L17J","TGAGAGAGAGAGAGAGAGAGAGA","TGAGAGAGAGAGAGAGAGAGA","2"
"18397577","AT5G45390","W","L17J","G","A","0"
"18635055","AT5G45950","W","L17J","CTATATATATATATATATATAT","CTATATATATATATATATAT","2"
"18645540","AT5G45970","W","L17J","AATATATATATATATATATATATATATATATATA","AATATATATATATATATATATATATATATATA","2"
"18645540","AT5TE6712","W","L17J","AATATATATATATATATATATATATATATATATA","AATATATATATATATATATATATATATATATA","2"
"18650092","AT5G45980","W","L17J","GTATATATATATATATATATAT","GTATATATATATATATATAT","2"
"18650092","AT5TE6714","C","L17J","GTATATATATATATATATATAT","GTATATATATATATATATAT","2"
"18666277","AT5TE6720","C","L17J","GATATATATATATATATATATA","GATATATATATATATATATA","2"
"18725607","AT5G46190","C","L17J","C","T","0"
"18786752","AT5G46310","W","L17J","C","T","0"
"18817581","AT5G46390","W","L17J","G","A","0"
"18935036","AT5TE6814","C","L17J","C","T","0"
"18934893","AT5TE6814","C","L17J","C","T","0"
"18934881","AT5TE6814","C","L17J","T","C","0"
"18981067","AT5TE6827","W","L17J","A","T","0"
"18980947","AT5TE6827","W","L17J","G","A","0"
"18980939","AT5TE6827","W","L17J","G","A","0"
"18980854","AT5TE6827","W","L17J","G","T","0"
"18980824","AT5TE6827","W","L17J","G","A","0"
"18980747","AT5TE6827","W","L17J","T","C","0"
"18980729","AT5TE6827","W","L17J","A","G","0"
"18980637","AT5TE6827","W","L17J","G","A","0"
"18980549","AT5TE6827","W","L17J","T","C","0"
"18981463","AT5TE6828","C","L17J","G","A","0"